{
    "albareto": [
        44.44581523,
        9.70052425
    ],
    "bardi": [
		44.633788,
		9.732836
    ],
    "basilicanova": [
        44.697500481348456,
        10.352945250667315
    ],
    "bedonia": [
        44.50349971,
        9.63131421
    ],
    "berceto": [
        44.50952856,
        9.98940249
    ],
    "bore": [
        44.714217,
        9.788303
    ],
    "borgo val di taro": [
        44.48803032,
        9.76766726
    ],
    "busseto": [
        44.98132896,
        10.04132309
    ],
    "calestano": [
        44.60066532,
        10.12214913
    ],
    "case fazzi": [
        44.42823449,
        9.53941363
    ],
    "collecchio": [
        44.75280057,
        10.21579629
    ],
    "colorno": [
        44.92879525,
        10.37564974
    ],
    "compiano": [
        44.49596295,
        9.66242528
    ],
    "corcagnano": [
        44.72106646519911,
        10.30348895015502
    ],
    "corniglio": [
        44.47620016,
        10.08868709
    ],
    "felegara": [
        44.72487541948359,
        10.112398890876934
    ],
    "felino": [
        44.69552364,
        10.24072079
    ],
    "fidenza": [
        44.86708803,
        10.0614143
    ],
    "fontanellato": [
        44.8824621,
        10.17341646
    ],
    "fontevivo": [
        44.85642698,
        10.17537802
    ],
    "fornovo di taro": [
        44.68925506,
        10.09872874
    ],
    "lagdei": [
        44.41396152594507,
        10.010450749573874
    ],
    "lago santo parmense": [
        44.402588339163955,
        10.007256044474566]
    ,
    "langhirano": [
        44.61445195,
        10.26642403
    ],
    "lesignano de bagni": [
        44.61777925717667,
        10.302648605929885
    ],
    "masanti di sotto": [
        44.57027040851467,
        9.623582409996935
    ],
    "medesano": [
        44.75681741,
        10.13996119
    ],
    "mezzani": [
        44.92278554,
        10.43590236
    ],
    "monchio delle corti": [
        44.41237474,
        10.12320469
    ],
    "monte sillara": [
        44.367268256064854,
        10.06324587086333
    ],
    "montechiarugolo": [
        44.69357882,
        10.42246193
    ],
    "mulazzano ponte": [
        44.605195427623066,
        10.271459894261326
    ],
    "musiara inferiore": [
        44.49762599187733,
        10.183663090247858
    ],
    "musiara superiore": [
        44.49335069683296,
        10.1771766383953
    ],
    "neviano degli arduini": [
        44.58365252,
        10.31775249
    ],
    "noceto": [
        44.8102618,
        10.17719303
    ],
    "palanzano": [
        44.43535314,
        10.19240365
    ],
    "parma": [
        44.52085941,
        10.19893974
    ],
    "passo della cisa": [
        44.471673484166736,
        9.928593640226904
    ],
    "pellegrino parmense": [
        44.73332758,
        9.92683827
    ],
    "polesine zibello": [
        45.0194,
        10.1307
    ],
    "polesine parmense": [
        45.01737295046397,
        10.088528956895361
    ],
    "prato spilla": [
        44.3612952658895,
        10.112658997128445
    ],
    "ramiola": [
        44.69814224870729,
        10.089014771838782
    ],
    "rocca sanvitale": [
        44.882844372015086,
        10.17244690066598
    ],
    "roccabianca": [
        45.00811844,
        10.21812063
    ],
    "sala baganza": [
        44.71552513,
        10.2282385
    ],
    "salsomaggiore terme": [
        44.81568328,
        9.97809444
    ],
    "samboseto": [
        44.9564327910232,
        10.12845910629522
    ],
    "san secondo parmense": [
        44.91915259,
        10.22690616
    ],
    "schia": [
        44.4739262,
        10.1757061
    ],
    "schia monte caio": [
        44.47320847930831,
        10.14204747597891
    ],
    "sissa": [
        44.9583,
        10.2591
    ],
    "sissa trecasali": [
        44.9583,
        10.2591
    ],
    "solignano": [
        44.61511003,
        9.97940192
    ],
    "soragna": [
        44.92689728,
        10.12232256
    ],
    "sorbolo": [
        44.84647613,
        10.4483477
    ],
    "sorbolo mezzani": [
        44.88915264003537,
        10.436489186171533
    ],
    "tabiano terme": [
        44.79279482292712,
        10.023700618158934
    ],
    "terenzo": [
        44.61000551,
        10.08763674
    ],
    "tizzano val parma": [
        44.52085941,
        10.19893974
    ],
    "tornolo": [
        44.48491075,
        9.62448869
    ]
}
